resnam,resnum,wcnSC,wcnCA
LYS,1,0.621361163071,0.694275097131
GLY,2,0.858098964492,1.00034949314
GLU,3,0.759164600846,0.950297592706
GLU,4,0.59643046633,0.789580337365
LEU,5,0.825698187403,0.895921891331
PHE,6,1.07812829849,1.01273973092
THR,7,0.631371876161,0.820858416727
GLY,8,0.701289636161,0.783816381998
VAL,9,0.750905500131,0.871015137128
VAL,10,0.947015161555,0.984154591651
PRO,11,0.798215808077,0.984049674784
ILE,12,1.11563659472,1.14901808171
LEU,13,0.83144950768,1.09660120402
VAL,14,1.1407147406,1.19595047607
GLU,15,0.849458281442,1.09466610677
LEU,16,1.13557430741,1.15303182401
ASP,17,0.780672116936,1.02217275284
GLY,18,0.998696993464,1.08440461891
ASP,19,0.78608970358,0.998707900639
VAL,20,1.06505391585,1.04607172821
ASN,21,0.772133402262,0.838595232785
GLY,22,0.674522571178,0.726108840677
HIS,23,0.706256020774,0.830611214755
LYS,24,0.600672090977,0.859309898862
PHE,25,1.06055936174,0.963174025411
SER,26,0.84435946461,1.0282080508
VAL,27,1.09746963635,1.13320464027
SER,28,0.881925563933,1.06270549584
GLY,29,1.03164121455,1.15442447409
GLU,30,0.721545636348,1.0330159806
GLY,31,0.910090918566,1.04717106161
GLU,32,0.775982750274,1.07589960952
GLY,33,1.06393882822,1.16231419773
ASP,34,0.824995677127,1.07012750532
ALA,35,1.01564500793,1.18017284508
THR,36,0.724936546623,0.90661695695
TYR,37,0.647132604307,0.902781191596
GLY,38,0.955849838614,1.2058083819
LYS,39,0.780714175981,1.12168811865
LEU,40,1.13521369946,1.17375607769
THR,41,0.831725724258,1.06436806507
LEU,42,1.10965558867,1.14051312545
LYS,43,0.805216891571,1.07829644677
PHE,44,1.15467091062,1.15972965484
ILE,45,0.845996507548,1.05434161826
CYS,46,0.939427347334,1.05526438012
THR,47,0.780055690912,0.85353832997
THR,48,0.74952229602,0.783409115643
GLY,49,0.6336971682,0.744964298667
LYS,50,0.634865682348,0.797796395655
LEU,51,1.07965155253,0.971627902799
PRO,52,0.926146333197,0.919349665463
VAL,53,1.13315782413,1.05916421732
PRO,54,1.05095313544,1.08309717605
TRP,55,1.06148552633,1.12120044249
PRO,56,1.03886013105,1.16451097515
THR,57,1.19334737522,1.17289895197
LEU,58,1.20074584339,1.215517335
VAL,59,1.19209129538,1.21613261859
THR,60,1.21447105999,1.1906987865
THR,61,1.21807246958,1.22026219417
LEU,62,1.21620143903,1.1927748635
VAL,64,1.20947711688,1.18476827941
GLN,65,1.2221952165,1.22381032807
CYS,66,1.21443427323,1.24906791674
PHE,67,1.19197753864,1.2631692807
SER,68,1.1765486761,1.26724366091
ARG,69,0.782503325968,1.15421332666
TYR,70,1.12370938142,1.05754746892
PRO,71,0.832684216953,0.859398077476
ASP,72,0.515737102371,0.7316925701
HIS,73,0.650565133722,0.695199457822
MET,74,0.917470889202,0.899169380555
LYS,75,0.763209521565,0.925166245521
GLN,76,0.603585835462,0.835357396772
HIS,77,0.788617173666,1.03563828179
ASP,78,1.09323115079,1.12994322005
PHE,79,1.13649334716,1.18615182596
PHE,80,1.20811327676,1.23593005684
LYS,81,1.08922893969,1.2002895062
SER,82,0.97355616218,1.11484039575
ALA,83,1.08112206201,1.15103416156
MET,84,1.09830425316,1.16075542499
PRO,85,0.766106311676,1.0107400252
GLU,86,0.741450352608,0.937195379585
GLY,87,1.03862712479,1.18624218641
TYR,88,1.19798581675,1.20804902551
VAL,89,0.902295228493,1.13040931548
GLN,90,1.21268548695,1.21182938378
GLU,91,0.810719328104,1.1371727075
ARG,92,1.19269566215,1.16836559286
THR,93,0.838587933984,1.07119605014
ILE,94,1.13521173095,1.16084207643
PHE,95,0.740970714931,1.03240502106
PHE,96,1.11671845505,1.0710429828
LYS,97,0.618782089345,0.8588109019
ASP,98,0.539331640935,0.706936947378
ASP,99,0.911349319378,0.895968520158
GLY,100,0.925837057441,1.00893580442
ASN,101,0.866708289487,1.05975784909
TYR,102,1.17617048191,1.15108537857
LYS,103,0.783183927683,1.07749153072
THR,104,1.07926664425,1.16369114441
ARG,105,0.755441257369,1.08368740298
ALA,106,1.09926398519,1.19248362473
GLU,107,0.804384794947,1.12159304014
VAL,108,1.17336183022,1.22109706215
LYS,109,0.804681116134,1.14064822184
PHE,110,0.932140999103,1.02080015052
GLU,111,0.691017061971,0.809360689208
GLY,112,0.590383645682,0.684566185204
ASP,113,0.618833878688,0.762499725255
THR,114,0.821141503317,0.967749735722
LEU,115,1.12600388141,1.14433728899
VAL,116,0.919495674894,1.14469081385
ASN,117,1.17958743299,1.22630486866
ARG,118,0.764341130453,1.10820815132
ILE,119,1.1385817936,1.1804525537
GLU,120,0.738120130184,1.04504499764
LEU,121,1.12725704066,1.14249185656
LYS,122,0.722919952632,1.02158434828
GLY,123,1.0062447568,1.08893192641
ILE,124,0.731982701092,0.892204966477
ASP,125,0.615253106207,0.793729729496
PHE,126,1.0674985936,0.941549206581
LYS,127,0.612343378614,0.794637961143
GLU,128,0.538595822118,0.716235583273
ASP,129,0.538783876271,0.715883003743
GLY,130,0.799106085501,0.864529992748
ASN,131,0.875782807583,0.971033413579
ILE,132,1.09269390332,1.06316327183
LEU,133,0.859088178854,0.954976188361
GLY,134,0.758306263606,0.864249611388
HIS,135,0.800937963015,0.917709277503
LYS,136,0.704715347208,0.892833890032
LEU,137,0.990636540688,1.02414539243
GLU,138,0.693726982992,0.913858456795
TYR,139,0.861117174408,0.907351298482
ASN,140,0.768311089369,0.945981448109
TYR,141,1.12117939357,1.02677545509
ASN,142,0.814872958386,0.939069365261
SER,143,0.765633373393,0.952601703372
HIS,144,0.997866967864,1.0025275447
ASN,145,0.779498851647,1.00890536718
VAL,146,1.11975180273,1.13664227269
TYR,147,0.745776296216,1.06255909456
ILE,148,1.08818340326,1.11417895139
MET,149,0.730331042024,0.998038709097
ALA,150,0.788467900634,0.981839892223
ASP,151,0.776211221201,0.907646413945
LYS,152,0.538288914305,0.767245920868
GLN,153,0.410988202658,0.63961294219
LYS,154,0.676488984533,0.791186256319
ASN,155,0.742689974998,0.880872047334
GLY,156,0.97515970558,1.09119235225
ILE,157,1.11432531829,1.14871323983
LYS,158,0.761822834294,1.06468662169
VAL,159,1.12839732749,1.13772389484
ASN,160,0.760684578349,1.04642153232
PHE,161,1.10652635323,1.04569158372
LYS,162,0.717183248247,1.00113645552
ILE,163,1.13227821134,1.0867199268
ARG,164,0.761657945855,1.008811801
HIS,165,1.08602356587,1.07177679125
ASN,166,0.771699325417,0.961839126583
ILE,167,0.818758045499,0.956561244108
GLU,168,0.610196958955,0.766940149462
ASP,169,0.575316010658,0.619210757688
GLY,170,0.546793898935,0.642191243471
SER,171,0.61941914284,0.705616311046
VAL,172,0.697024988493,0.860662029386
GLN,173,0.926887777224,0.969877538669
LEU,174,0.804531560623,0.992416204388
ALA,175,1.09638843476,1.13402576197
ASP,176,0.787195527035,1.04280067453
HIS,177,1.18041489885,1.14012814344
TYR,178,0.741264662213,1.05181066858
GLN,179,1.2095893987,1.15773740395
GLN,180,0.809176194097,1.10239293296
ASN,181,1.17596552786,1.17988125358
THR,182,0.849344989122,1.06949055769
PRO,183,0.941000765592,1.07002446815
ILE,184,0.833426210879,0.918813030206
GLY,185,0.720437225203,0.809336331157
ASP,186,0.473869124544,0.659202322262
GLY,187,0.64783217441,0.69564988775
PRO,188,0.585863881023,0.73095224146
VAL,189,0.951456296884,0.949787330175
LEU,190,0.814833541506,0.973719173655
LEU,191,0.785684873425,0.954636497004
PRO,192,0.941750938839,0.998169204458
ASP,193,0.608937898693,0.816210422824
ASN,194,0.635957015999,0.866718250011
HIS,195,0.997244252228,0.979920405373
TYR,196,0.832654758081,1.09446698512
LEU,197,1.16431229693,1.17584518296
SER,198,0.830477030617,1.0533711716
THR,199,1.05394048281,1.12724499369
GLN,200,0.749197201415,1.03679973295
SER,201,1.0793953386,1.0922850351
ALA,202,0.764714668785,0.964079199125
LEU,203,1.00514236864,1.0212889647
SER,204,0.734400082576,0.871435206766
LYS,205,0.750450789493,0.817806654098
ASP,206,0.659964473887,0.740935083344
PRO,207,0.492761338,0.588540777239
ASN,208,0.425456081926,0.553224672696
GLU,209,0.712519942032,0.688599195995
LYS,210,0.420385983423,0.615627895293
ARG,211,0.654493033426,0.748016604361
ASP,212,0.807172343838,0.887220149636
HIS,213,0.826952006459,1.02669348199
MET,214,1.10101556744,1.08392369616
VAL,215,0.84058504021,1.07133302758
LEU,216,1.10564194057,1.13115103564
LEU,217,0.799442809993,1.04862490634
GLU,218,1.1383592794,1.14693231393
PHE,219,0.797990005143,1.09570677292
VAL,220,1.11372402414,1.19374586918
THR,221,0.866641215548,1.0948089852
ALA,222,1.0899853917,1.11221122514
ALA,223,0.844542792552,0.92277552151
GLY,224,0.745482695322,0.796586400542
ILE,225,0.74306033344,0.737044891451
THR,226,0.444181403866,0.582971640523
LEU,227,0.449239393218,0.464626074356
