mutant,SA,RSA,wcnSC,wcnCA,SS
K3N_G4_del,3,0.0288461538462,0.858098964492,1.00034949314,Helix
G4_del,3,0.0288461538462,0.858098964492,1.00034949314,Helix
E5_del,61,0.273542600897,0.759164600846,0.950297592706,Helix
E6_del,120,0.538116591928,0.59643046633,0.789580337365,Helix
T9_del_G10R,101,0.587209302326,0.631371876161,0.820858416727,Helix
G10_del,36,0.346153846154,0.701289636161,0.783816381998,Loop
V12_del,10,0.0574712643678,0.947015161555,0.984154591651,Sheet
H25_del,82,0.366071428571,0.706256020774,0.830611214755,Sheet
T38_del,65,0.377906976744,0.724936546623,0.90661695695,Loop
C48_del,4,0.0239520958084,0.939427347334,1.05526438012,Sheet
T50_del,78,0.453488372093,0.74952229602,0.783409115643,Loop
T50_del_G51S,78,0.453488372093,0.74952229602,0.783409115643,Loop
L53_del,1,0.00497512437811,1.07965155253,0.971627902799,Loop
P75_del_D76H,18,0.11320754717,0.832684216953,0.859398077476,Helix
D76_del,135,0.699481865285,0.515737102371,0.7316925701,Helix
K79_del,51,0.216101694915,0.763209521565,0.925166245521,Helix
E132D_D133_del,116,0.60103626943,0.538783876271,0.715883003743,Loop
G138_del,25,0.240384615385,0.758306263606,0.864249611388,Loop
M153_del_A154,64,0.285714285714,0.730331042024,0.998038709097,Sheet
A154_del,29,0.22480620155,0.788467900634,0.981839892223,Sheet
D155_del,26,0.134715025907,0.776211221201,0.907646413945,Sheet
K158_del,101,0.427966101695,0.676488984533,0.791186256319,Loop
G160_del,0,0.0,0.97515970558,1.09119235225,Sheet
I171M_E172_del,118,0.529147982063,0.610196958955,0.766940149462,Loop
G174_del,65,0.625,0.546793898935,0.642191243471,Loop
S175_del,63,0.406451612903,0.61941914284,0.705616311046,Loop
G189_del,23,0.221153846154,0.720437225203,0.809336331157,Loop
D190_del,168,0.870466321244,0.473869124544,0.659202322262,Loop
P192_del_V193L,125,0.786163522013,0.585863881023,0.73095224146,Loop
P196_del,4,0.0251572327044,0.941750938839,0.998169204458,Loop
D197_del,106,0.54922279792,0.608937898693,0.816210422824,Loop
N198_del,109,0.558974358974,0.635957015999,0.866718250011,Loop
P211_del_N212H,103,0.647798742138,0.492761338,0.588540777239,Loop
A226_del_A227_del,NA,NA,NA,NA,Sheet
A227_del,26,0.201550387597,0.844542792552,0.92277552151,Sheet
G228_del,49,0.471153846154,0.745482695322,0.796586400542,C-terminus
L231_del,178,0.885572139303,0.449239393218,0.464626074356,C-terminus
M233_del_D234N,NA,NA,NA,NA,C-terminus
D234E_E235_del,NA,NA,NA,NA,C-terminus
E235_del,NA,NA,NA,NA,C-terminus
Y237_del,NA,NA,NA,NA,C-terminus
egfp_WT,NA,NA,NA,NA,NA
K3_del_G4S,173,0.733050847458,0.621361163071,0.694275097131,Helix
G20_del,5,0.0480769230769,0.998696993464,1.08440461891,Sheet
F27_del_S28C,4,0.0166666666667,1.06055936174,0.963174025411,Sheet
S30_del_G31C,29,0.187096774194,0.881925563933,1.06270549584,Sheet
E34_del,100,0.448430493274,0.775982750274,1.07589960952,Sheet
D36_del,33,0.170984455959,0.824995677127,1.07012750532,Sheet
K45_del_F46I,59,0.25,0.805216891571,1.07829644677,Sheet
W57_del,12,0.0421052631579,1.06148552633,1.12120044249,Helix
L64_del,9,0.044776119403,1.21620143903,1.1927748635,Loop
L64_del_T65P,9,0.044776119403,1.21620143903,1.1927748635,Loop-Cro
Y66_del_G67C,NA,NA,NA,NA,Cro
S72_del,3,0.0193548387097,1.1765486761,1.26724366091,Helix
R73_del,94,0.343065693431,0.782503325968,1.15421332666,Loop
A87_del,4,0.031007751938,1.08112206201,1.15103416156,Helix
V93_del_Q94E,16,0.0919540229885,0.902295228493,1.13040931548,Sheet
Q94_del,7,0.0311111111111,1.21268548695,1.21182938378,Sheet
D103_del,27,0.139896373057,0.911349319378,0.895968520158,Loop
K107_del,95,0.402542372881,0.783183927683,1.07749153072,Sheet
A110_del,5,0.0387596899225,1.09926398519,1.19248362473,Sheet
E111_del,68,0.304932735426,0.804384794947,1.12159304014,Sheet
V120_del_N121D,9,0.051724137931,0.919495674894,1.14469081385,Sheet
G127_del_I128V,0,0.0,1.0062447568,1.08893192641,Sheet
L137_del,20,0.0995024875622,0.859088178854,0.954976188361,Loop
Y145_del,25,0.0950570342205,1.12117939357,1.02677545509,Loop
H148_del,7,0.03125,0.997866967864,1.0025275447,Sheet
V150_del_Y151D,5,0.0287356321839,1.11975180273,1.13664227269,Sheet
Y151_del,107,0.406844106464,0.745776296216,1.06255909456,Sheet
K162_del,63,0.26694915254,0.761822834294,1.06468662169,Sheet
H169_del,7,0.03125,1.08602356587,1.07177679125,Sheet
N170_del,49,0.251282051282,0.771699325417,0.961839126583,Sheet
D180_del,49,0.253886010363,0.787195527035,1.04280067453,Sheet
P187_del,17,0.10691823,0.941000765592,1.07002446815,Sheet
Q204_del,110,0.488888888889,0.749197201415,1.03679973295,Sheet
A206_del,54,0.418604651163,0.764714668785,0.964079199125,Sheet
L207_del,23,0.114427860697,1.00514236864,1.0212889647,Sheet
L207_del_S208R,23,0.114427860697,1.00514236864,1.0212889647,Sheet
M218I_V219_del,32,0.183908045977,0.84058504021,1.07133302758,Sheet
L220_del,3,0.0149253731343,1.10564194057,1.13115103564,Sheet
L221_del,65,0.323383084577,0.799442809993,1.04862490634,Sheet