"","mutant","var_score","mean_score","max_score","min_score","SA","RSA","wcnSC","wcnCA","SS","functional_status"
"1","A110_del",151.460722884444,-347.60138,-307.424,-374.598,5,0.0387596899225,1.09926398519,1.19248362473,"Sheet","non-tolerated"
"2","A154_del",118.050758401111,-352.14173,-308.308,-368.554,29,0.22480620155,0.788467900634,0.981839892223,"Sheet","tolerated"
"3","A206_del",209.453587747475,-352.4151,-314.375,-375.172,54,0.418604651163,0.764714668785,0.964079199125,"Sheet","non-tolerated"
"4","A227_del",94.5145102020202,-355.3264,-323.2,-374.703,26,0.201550387597,0.844542792552,0.92277552151,"Sheet","tolerated"
"5","A87_del",132.487951522828,-351.80382,-311.179,-371.073,4,0.031007751938,1.08112206201,1.15103416156,"Helix","non-tolerated"
"6","C48_del",119.590635424141,-356.34649,-327.434,-377.495,4,0.0239520958084,0.939427347334,1.05526438012,"Sheet","tolerated"
"7","D103_del",124.42423158899,-358.07213,-328.013,-381.851,27,0.139896373057,0.911349319378,0.895968520158,"Loop","non-tolerated"
"8","D155_del",138.337933747475,-352.5619,-323.083,-375.142,26,0.134715025907,0.776211221201,0.907646413945,"Sheet","tolerated"
"9","D180_del",134.46627375798,-351.97614,-324.117,-372.238,49,0.253886010363,0.787195527035,1.04280067453,"Sheet","non-tolerated"
"10","D190_del",161.558413675151,-364.13404,-319.72,-383.354,168,0.870466321244,0.473869124544,0.659202322262,"Loop","tolerated"
"11","D197_del",172.295204837475,-358.40247,-326.055,-385.297,106,0.54922279792,0.608937898693,0.816210422824,"Loop","tolerated"
"12","D36_del",160.733602573232,-348.26585,-308.837,-376.398,33,0.170984455959,0.824995677127,1.07012750532,"Sheet","non-tolerated"
"13","D76_del",170.132880345859,-362.44476,-277.551,-385.979,135,0.699481865285,0.515737102371,0.7316925701,"Helix","tolerated"
"14","E111_del",128.166007805556,-344.09725,-312.146,-365.822,68,0.304932735426,0.804384794947,1.12159304014,"Sheet","non-tolerated"
"15","E132D_D133_del",171.868309280303,-355.62625,-279.451,-377.364,116,0.60103626943,0.538783876271,0.715883003743,"Loop","tolerated"
"16","E34_del",129.326519522727,-353.08865,-323.675,-376.559,100,0.448430493274,0.775982750274,1.07589960952,"Sheet","non-tolerated"
"17","E5_del",122.484225037879,-357.31275,-332.699,-380.967,61,0.273542600897,0.759164600846,0.950297592706,"Helix","tolerated"
"18","E6_del",157.370991553939,-356.19104,-320.747,-381.67,120,0.538116591928,0.59643046633,0.789580337365,"Helix","tolerated"
"19","F27_del_S28C",239.839592593434,-346.41585,-291.092,-375.167,4,0.0166666666667,1.06055936174,0.963174025411,"Sheet","non-tolerated"
"20","G10_del",79.113850270202,-359.07415,-336.07,-378.588,36,0.346153846154,0.701289636161,0.783816381998,"Loop","tolerated"
"21","G127_del_I128V",130.907883821818,-347.22342,-313.428,-368.839,0,0,1.0062447568,1.08893192641,"Sheet","non-tolerated"
"22","G138_del",197.340427047576,-364.12277,-285.932,-392.688,25,0.240384615385,0.758306263606,0.864249611388,"Loop","tolerated"
"23","G160_del",156.822050768788,-350.23767,-303.188,-377.826,0,0,0.97515970558,1.09119235225,"Sheet","tolerated"
"24","G174_del",142.493225417778,-359.49142,-324.625,-381.571,65,0.625,0.546793898935,0.642191243471,"Loop","tolerated"
"25","G189_del",142.905831535758,-361.25086,-328.925,-385.61,23,0.221153846154,0.720437225203,0.809336331157,"Loop","tolerated"
"26","G20_del",99.5489963535353,-342.4911,-313.071,-368.059,5,0.0480769230769,0.998696993464,1.08440461891,"Sheet","non-tolerated"
"27","G4_del",185.97383379505,-357.59527,-302.937,-382.527,3,0.0288461538462,0.858098964492,1.00034949314,"Helix","tolerated"
"28","H148_del",79.366880430202,-354.11421,-327.977,-375.095,7,0.03125,0.997866967864,1.0025275447,"Sheet","non-tolerated"
"29","H169_del",160.743109755455,-346.17939,-311.84,-375.109,7,0.03125,1.08602356587,1.07177679125,"Sheet","non-tolerated"
"30","H25_del",121.758989454141,-356.61202,-306.437,-373.951,82,0.366071428571,0.706256020774,0.830611214755,"Sheet","tolerated"
"31","I171M_E172_del",301.407188674343,-354.44082,-257.816,-380.64,118,0.529147982063,0.610196958955,0.766940149462,"Loop","tolerated"
"32","K107_del",295.538683213232,-344.78217,-228.198,-368.788,95,0.402542372881,0.783183927683,1.07749153072,"Sheet","non-tolerated"
"33","K158_del",156.490244834242,-358.17179,-317.226,-381.149,101,0.427966101695,0.676488984533,0.791186256319,"Loop","tolerated"
"34","K162_del",148.944021625859,-344.10052,-311.726,-365.369,63,0.26694915254,0.761822834294,1.06468662169,"Sheet","non-tolerated"
"35","K3_del_G4S",114.685892539293,-362.43069,-326.903,-384.259,173,0.733050847458,0.621361163071,0.694275097131,"Helix","non-tolerated"
"36","K3N_G4_del",104.772663877172,-358.86404,-332.576,-387.417,3,0.0288461538462,0.858098964492,1.00034949314,"Helix","tolerated"
"37","K45_del_F46I",125.878266698586,-340.24922,-301.972,-361.695,59,0.25,0.805216891571,1.07829644677,"Sheet","non-tolerated"
"38","K79_del",93.7176865328284,-351.43715,-329.134,-369.72,51,0.216101694915,0.763209521565,0.925166245521,"Helix","tolerated"
"39","L137_del",137.06843578697,-357.14897,-329.64,-378.307,20,0.0995024875622,0.859088178854,0.954976188361,"Loop","non-tolerated"
"40","L207_del",171.055208192323,-348.57236,-312.761,-376.362,23,0.114427860697,1.00514236864,1.0212889647,"Sheet","non-tolerated"
"41","L207_del_S208R",92.2888885796969,-353.44881,-328.426,-377.048,23,0.114427860697,1.00514236864,1.0212889647,"Sheet","non-tolerated"
"42","L220_del",96.3703916565657,-345.7666,-312.029,-366.891,3,0.0149253731343,1.10564194057,1.13115103564,"Sheet","non-tolerated"
"43","L221_del",164.207202664545,-345.97211,-307.52,-368.998,65,0.323383084577,0.799442809993,1.04862490634,"Sheet","non-tolerated"
"44","L53_del",821.507269943838,-341.09634,-259.848,-372.332,1,0.00497512437811,1.07965155253,0.971627902799,"Loop","tolerated"
"45","L64_del",200.926796452121,-357.27182,-295.25,-391.825,9,0.044776119403,1.21620143903,1.1927748635,"Loop","non-tolerated"
"46","M153_del_A154T",318.454502955455,-348.23129,-215.72,-384.656,64,0.285714285714,0.730331042024,0.998038709097,"Sheet","tolerated"
"47","M218I_V219_del",205.988956279899,-339.54727,-302.661,-366.107,32,0.183908045977,0.84058504021,1.07133302758,"Sheet","non-tolerated"
"48","N170_del",134.867997302929,-348.58949,-311.595,-373.95,49,0.251282051282,0.771699325417,0.961839126583,"Sheet","non-tolerated"
"49","N198_del",148.212177601111,-356.57493,-314.306,-386.531,109,0.558974358974,0.635957015999,0.866718250011,"Loop","tolerated"
"50","P187_del",183.363638748586,-352.12583,-296.572,-376.307,17,0.10691823,0.941000765592,1.07002446815,"Sheet","non-tolerated"
"51","P192_del_V193L",106.722390218586,-360.60506,-328.628,-379.453,125,0.786163522013,0.585863881023,0.73095224146,"Loop","tolerated"
"52","P196_del",83.1315946763637,-357.74152,-335.734,-375.734,4,0.0251572327044,0.941750938839,0.998169204458,"Loop","tolerated"
"53","P211_del_N212H",239.950067269798,-355.73873,-257.615,-379.219,103,0.647798742138,0.492761338,0.588540777239,"Loop","tolerated"
"54","P75_del_D76H",137.933072282828,-354.8702,-314.331,-378.035,18,0.11320754717,0.832684216953,0.859398077476,"Helix","tolerated"
"55","Q204_del",135.15420684,-353.32678,-318.166,-375.193,110,0.488888888889,0.749197201415,1.03679973295,"Sheet","non-tolerated"
"56","Q94_del",142.364528999899,-361.71201,-327.354,-390.474,7,0.0311111111111,1.21268548695,1.21182938378,"Sheet","non-tolerated"
"57","R73_del",192.974327969697,-352.5073,-318.654,-379.592,94,0.343065693431,0.782503325968,1.15421332666,"Loop","non-tolerated"
"58","S175_del",166.644088599091,-356.34213,-314.039,-379.325,63,0.406451612903,0.61941914284,0.705616311046,"Loop","tolerated"
"59","S30_del_G31C",202.643776494545,-345.20748,-301.018,-371.307,29,0.187096774194,0.881925563933,1.06270549584,"Sheet","non-tolerated"
"60","S72_del",113.997808094848,-356.69481,-322.036,-377.599,3,0.0193548387097,1.1765486761,1.26724366091,"Helix","non-tolerated"
"61","T38_del",100.017889803131,-353.49643,-329.097,-381.217,65,0.377906976744,0.724936546623,0.90661695695,"Loop","tolerated"
"62","T50_del",99.8099246564647,-360.44951,-321.659,-375.365,78,0.453488372093,0.74952229602,0.783409115643,"Loop","tolerated"
"63","T50_del_G51S",128.86624248596,-358.44133,-323.627,-379.126,78,0.453488372093,0.74952229602,0.783409115643,"Loop","tolerated"
"64","T9_del_G10R",156.217652209596,-354.34975,-320.438,-381.853,101,0.587209302326,0.631371876161,0.820858416727,"Helix","tolerated"
"65","V12_del",1084.10615982333,-341.58057,-230.127,-375.269,10,0.0574712643678,0.947015161555,0.984154591651,"Sheet","tolerated"
"66","V120_del",135.644908472222,-348.73335,-306.333,-367.254,9,0.051724137931,0.919495674894,1.14469081385,"Sheet","non-tolerated"
"67","V120_del_N121D",166.161954421313,-346.87477,-286.993,-369.392,9,0.051724137931,0.919495674894,1.14469081385,"Sheet","non-tolerated"
"68","V150_del_Y151D",119.863158646465,-347.1128,-311.63,-366.631,5,0.0287356321839,1.11975180273,1.13664227269,"Sheet","non-tolerated"
"69","V93_del_Q94E",313.176862430707,-344.79056,-205.967,-366.383,16,0.0919540229885,0.902295228493,1.13040931548,"Sheet","non-tolerated"
"70","W57_del",2293.53705138384,-335.6965,50.164,-366.771,12,0.0421052631579,1.06148552633,1.12120044249,"Helix","non-tolerated"
"71","Y145_del",175.978416700101,-351.01337,-314.495,-375.512,25,0.0950570342205,1.12117939357,1.02677545509,"Loop","non-tolerated"
"72","Y151_del",164.64744943798,-341.01542,-304.238,-371.485,107,0.406844106464,0.745776296216,1.06255909456,"Sheet","non-tolerated"
